<?xml version="1.0" encoding="UTF-8"?>
<PE_PROJECT_SETTINGS_DOCUMENTATION>
  <PE_product_version v="version 10.5 for Freescale Microcontrollers" />
  <PE_core_version v="Processor Expert Version 0521" />
  <CPU_Bean name="Cpu" type="MK22FN512DC12">
    <Enabled v="N" />
    <Properties>
      <Component_name v="Cpu" />
      <CPU_type v="MK22FN512VDC12" />
      <group name="Low power mode settings">
        <EmptySection_DummyValue />
      </group>
      <group name="Common settings">
        <Initialization_priority v="minimal priority" />
        <Watchdog_disable v="yes" />
        <Utilize_after_reset_values v="default" />
      </group>
    </Properties>
    <Methods>
      <EmptySection_DummyValue />
    </Methods>
    <Events>
      <Event_module_name v="Events" />
    </Events>
    <Compiler v="GNU C Compiler" />
    <CompilerProperties>
      <Compiler v="GNU C Compiler" />
      <boolgroup name="Generate linker file" v="yes">
        <Stack_size v="1024" />
        <Heap_size v="0" />
        <Set_memory_segments_to_default v="Click to set default &amp;gt;" />
        <Default_memory_for_interrupts v="INTERNAL RAM" />
        <Default_memory_for_code v="INTERNAL RAM" />
        <Default_memory_for_data v="INTERNAL RAM" />
        <list name="ROM/RAM Areas" v="5">
          <group name="MemoryArea0">
            <boolgroup name="ROM/RAM Area" v="Enabled">
              <Name v="m_interrupts" />
              <Qualifier v="RX" />
              <Address v="0" />
              <Size v="408" />
            </boolgroup>
          </group>
          <group name="MemoryArea1">
            <boolgroup name="ROM/RAM Area" v="Disabled" />
          </group>
          <group name="MemoryArea2">
            <boolgroup name="ROM/RAM Area" v="Enabled">
              <Name v="m_text" />
              <Qualifier v="RX" />
              <Address v="1040" />
              <Size v="523248" />
            </boolgroup>
          </group>
          <group name="MemoryArea3">
            <boolgroup name="ROM/RAM Area" v="Enabled">
              <Name v="m_data" />
              <Qualifier v="RW" />
              <Address v="536805376" />
              <Size v="65536" />
            </boolgroup>
          </group>
          <group name="MemoryArea4">
            <boolgroup name="ROM/RAM Area" v="Enabled">
              <Name v="m_data_20000000" />
              <Qualifier v="RW" />
              <Address v="536870912" />
              <Size v="65536" />
            </boolgroup>
          </group>
        </list>
      </boolgroup>
    </CompilerProperties>
  </CPU_Bean>
  <CPU_Bean name="Cpu" type="MK22FN512DC12">
    <Enabled v="Y" />
    <Properties>
      <Component_name v="Cpu" />
      <CPU_type v="MK22FN512VDC12" />
      <group name="Low power mode settings">
        <EmptySection_DummyValue />
      </group>
      <group name="Common settings">
        <Initialization_priority v="minimal priority" />
        <Watchdog_disable v="yes" />
        <Utilize_after_reset_values v="default" />
      </group>
    </Properties>
    <Methods>
      <EmptySection_DummyValue />
    </Methods>
    <Events>
      <Event_module_name v="Events" />
    </Events>
    <Compiler v="GNU C Compiler" />
    <CompilerProperties>
      <Compiler v="GNU C Compiler" />
      <enumgroup name="Unhandled vectors" v="One handler for all">
        <EmptySection_DummyValue />
      </enumgroup>
      <boolgroup name="Generate debugger files" v="no" />
      <group name="Startup">
        <Add_startup_file v="yes" />
      </group>
      <boolgroup name="Generate linker file" v="yes">
        <Stack_size v="1024" />
        <Heap_size v="0" />
        <Set_memory_segments_to_default v="Click to set default &amp;gt;" />
        <Default_memory_for_interrupts v="INTERNAL FLASH" />
        <Default_memory_for_code v="INTERNAL FLASH" />
        <Default_memory_for_data v="INTERNAL RAM" />
        <list name="ROM/RAM Areas" v="5">
          <group name="MemoryArea0">
            <boolgroup name="ROM/RAM Area" v="Enabled">
              <Name v="m_interrupts" />
              <Qualifier v="RX" />
              <Address v="0" />
              <Size v="408" />
            </boolgroup>
          </group>
          <group name="MemoryArea1">
            <boolgroup name="ROM/RAM Area" v="Disabled" />
          </group>
          <group name="MemoryArea2">
            <boolgroup name="ROM/RAM Area" v="Enabled">
              <Name v="m_text" />
              <Qualifier v="RX" />
              <Address v="1040" />
              <Size v="523248" />
            </boolgroup>
          </group>
          <group name="MemoryArea3">
            <boolgroup name="ROM/RAM Area" v="Enabled">
              <Name v="m_data" />
              <Qualifier v="RW" />
              <Address v="536805376" />
              <Size v="65536" />
            </boolgroup>
          </group>
          <group name="MemoryArea4">
            <boolgroup name="ROM/RAM Area" v="Enabled">
              <Name v="m_data_20000000" />
              <Qualifier v="RW" />
              <Address v="536870912" />
              <Size v="65536" />
            </boolgroup>
          </group>
        </list>
      </boolgroup>
    </CompilerProperties>
  </CPU_Bean>
  <Bean name="Pins1" type="PinSettings">
    <Enabled v="Y" />
    <Properties>
      <Component_name v="Pins1" />
      <PinSettings_IP_Block v="PinSettings" />
      <Processor v="MK22FN512DC12" />
    </Properties>
    <Methods>
      <EmptySection_DummyValue />
    </Methods>
    <Events>
      <EmptySection_DummyValue />
    </Events>
  </Bean>
  <Bean name="Term1" type="Term">
    <Enabled v="Y" />
    <Properties>
      <Component_name v="Term1" />
      <inhrbean type="AsynchroSerial">
        <Enabled v="Y" />
        <Template v="AsynchroForTerminal" />
        <Properties>
          <Component_name v="Inhr1" />
          <Channel v="UART1" />
          <boolgroup name="Interrupt service/event" v="Enabled">
            <Interrupt_RxD v="INT_UART1_RX_TX" />
            <Interrupt_RxD_priority v="medium priority" />
            <Interrupt_TxD v="INT_UART1_RX_TX" />
            <Interrupt_TxD_priority v="medium priority" />
            <Interrupt_Error v="INT_UART1_ERR" />
            <Interrupt_Error_priority v="medium priority" />
            <Input_buffer_size v="352" />
            <Output_buffer_size v="352" />
            <group name="Handshake">
              <boolgroup name="CTS" v="Disabled" />
              <boolgroup name="RTS" v="Disabled" />
            </group>
          </boolgroup>
          <group name="Settings">
            <Parity v="none" />
            <Width v="8 bits" />
            <Stop_bit v="1" />
            <boolgroup name="Receiver" v="Enabled">
              <RxD v="ADC1_SE5a/PTE1/LLWU_P0/SPI1_SOUT/UART1_RX/I2C1_SCL/SPI1_SIN" />
            </boolgroup>
            <boolgroup name="Transmitter" v="Enabled">
              <TxD v="ADC1_SE4a/PTE0/CLKOUT32K/SPI1_PCS1/UART1_TX/I2C1_SDA/RTC_CLKOUT" />
            </boolgroup>
            <Baud_rate v="9600 baud" />
            <Break_signal v="Disabled" />
            <Wakeup_condition v="Idle line wakeup" />
            <Transmitter_output v="Not inverted" />
            <Receiver_input v="Not inverted" />
            <Stop_in_wait_mode v="no" />
            <Idle_line_mode v="starts after start bit" />
            <Break_generation_length v="Short" />
          </group>
          <group name="Initialization">
            <Enabled_in_init__code v="yes" />
            <Events_enabled_in_init_ v="yes" />
          </group>
          <group name="CPU clock/speed selection">
            <High_speed_mode v="This component enabled" />
            <Low_speed_mode v="This component disabled" />
            <Slow_speed_mode v="This component disabled" />
          </group>
          <group name="Referenced components">
            <inhrbean type="Serial_LDD">
              <Enabled v="Y" />
              <Properties>
                <Component_name v="ASerialLdd1" />
                <Device v="UART1" />
                <boolgroup name="Interrupt service/event" v="Enabled">
                  <Interrupt_RxD v="INT_UART1_RX_TX" />
                  <Interrupt_RxD_priority v="medium priority" />
                  <Interrupt_TxD v="INT_UART1_RX_TX" />
                  <Interrupt_TxD_priority v="medium priority" />
                  <Interrupt_Error v="INT_UART1_ERR" />
                  <Interrupt_Error_priority v="medium priority" />
                </boolgroup>
                <group name="Settings">
                  <Data_width v="8 bits" />
                  <Parity v="None" />
                  <Stop_bits v="1" />
                  <Loop_mode v="Normal" />
                  <Baud_rate v="9600 baud" />
                  <Wakeup_condition v="Idle line wakeup" />
                  <Stop_in_wait_mode v="no" />
                  <Idle_line_mode v="Starts after start bit" />
                  <Transmitter_output v="Not inverted" />
                  <Receiver_input v="Not inverted" />
                  <Break_generation_length v="10/11 bits" />
                  <boolgroup name="Receiver" v="Enabled">
                    <RxD v="ADC1_SE5a/PTE1/LLWU_P0/SPI1_SOUT/UART1_RX/I2C1_SCL/SPI1_SIN" />
                  </boolgroup>
                  <boolgroup name="Transmitter" v="Enabled">
                    <TxD v="ADC1_SE4a/PTE0/CLKOUT32K/SPI1_PCS1/UART1_TX/I2C1_SDA/RTC_CLKOUT" />
                  </boolgroup>
                  <enumgroup name="Flow control" v="None">
                    <EmptySection_DummyValue />
                  </enumgroup>
                </group>
                <group name="Initialization">
                  <Enabled_in_init__code v="yes" />
                  <group name="Event mask">
                    <OnBlockSent v="Enabled" />
                    <OnBlockReceived v="Enabled" />
                    <OnTxComplete v="Disabled" />
                    <OnError v="Enabled" />
                    <OnBreak v="Enabled" />
                  </group>
                </group>
              </Properties>
              <Methods>
                <Init v="generate code" />
                <Deinit v="don&amp;apos;t generate code" />
                <Enable v="don&amp;apos;t generate code" />
                <Disable v="don&amp;apos;t generate code" />
                <SendBlock v="generate code" />
                <ReceiveBlock v="generate code" />
                <CancelBlockTransmission v="don&amp;apos;t generate code" />
                <CancelBlockReception v="don&amp;apos;t generate code" />
                <GetError v="generate code" />
                <GetSentDataNum v="don&amp;apos;t generate code" />
                <GetReceivedDataNum v="don&amp;apos;t generate code" />
                <GetTxCompleteStatus v="don&amp;apos;t generate code" />
                <SetEventMask v="don&amp;apos;t generate code" />
                <GetEventMask v="don&amp;apos;t generate code" />
                <SelectBaudRate v="don&amp;apos;t generate code" />
                <GetSelectedBaudRate v="don&amp;apos;t generate code" />
                <SetParity v="don&amp;apos;t generate code" />
                <GetParity v="don&amp;apos;t generate code" />
                <SetDataWidth v="don&amp;apos;t generate code" />
                <GetDataWidth v="don&amp;apos;t generate code" />
                <SetStopBitLength v="don&amp;apos;t generate code" />
                <GetStopBitLength v="don&amp;apos;t generate code" />
                <SetLoopMode v="don&amp;apos;t generate code" />
                <GetLoopMode v="don&amp;apos;t generate code" />
                <GetStats v="don&amp;apos;t generate code" />
                <ClearStats v="don&amp;apos;t generate code" />
                <SendBreak v="don&amp;apos;t generate code" />
                <GetBreak v="don&amp;apos;t generate code" />
                <TurnTxOn v="don&amp;apos;t generate code" />
                <TurnTxOff v="don&amp;apos;t generate code" />
                <TurnRxOn v="don&amp;apos;t generate code" />
                <TurnRxOff v="don&amp;apos;t generate code" />
                <ConnectPin v="don&amp;apos;t generate code" />
                <Main v="don&amp;apos;t generate code" />
                <SetOperationMode v="don&amp;apos;t generate code" />
                <GetDriverState v="don&amp;apos;t generate code" />
              </Methods>
              <Events>
                <Event_module_name v="Events" />
                <event name="OnBlockReceived" v="generate code">
                  <Event_procedure_name v="ASerialLdd1_OnBlockReceived" />
                </event>
                <event name="OnBlockSent" v="generate code">
                  <Event_procedure_name v="ASerialLdd1_OnBlockSent" />
                </event>
                <event name="OnBreak" v="generate code">
                  <Event_procedure_name v="ASerialLdd1_OnBreak" />
                </event>
                <event name="OnError" v="generate code">
                  <Event_procedure_name v="ASerialLdd1_OnError" />
                </event>
                <event name="OnTxComplete" v="don&amp;apos;t generate code" />
              </Events>
            </inhrbean>
          </group>
        </Properties>
        <Methods>
          <Enable v="don&amp;apos;t generate code" />
          <Disable v="don&amp;apos;t generate code" />
          <EnableEvent v="don&amp;apos;t generate code" />
          <DisableEvent v="don&amp;apos;t generate code" />
          <RecvChar v="generate code" />
          <SendChar v="generate code" />
          <RecvBlock v="don&amp;apos;t generate code" />
          <SendBlock v="don&amp;apos;t generate code" />
          <ClearRxBuf v="don&amp;apos;t generate code" />
          <ClearTxBuf v="don&amp;apos;t generate code" />
          <CharsInRxBuf v="don&amp;apos;t generate code" />
          <GetCharsInRxBuf v="generate code" />
          <CharsInTxBuf v="don&amp;apos;t generate code" />
          <GetCharsInTxBuf v="don&amp;apos;t generate code" />
          <SetBaudRateMode v="don&amp;apos;t generate code" />
          <GetError v="don&amp;apos;t generate code" />
          <GetBreak v="don&amp;apos;t generate code" />
          <SetBreak v="don&amp;apos;t generate code" />
          <TurnTxOn v="don&amp;apos;t generate code" />
          <TurnTxOff v="don&amp;apos;t generate code" />
          <TurnRxOn v="don&amp;apos;t generate code" />
          <TurnRxOff v="don&amp;apos;t generate code" />
          <LoopMode v="don&amp;apos;t generate code" />
          <ConnectPin v="don&amp;apos;t generate code" />
        </Methods>
        <Events>
          <Event_module_name v="Events" />
          <event name="BeforeNewSpeed" v="don&amp;apos;t generate code" />
          <event name="AfterNewSpeed" v="don&amp;apos;t generate code" />
          <event name="OnError" v="don&amp;apos;t generate code" />
          <event name="OnRxChar" v="generate code">
            <Event_procedure_name v="Inhr1_OnRxChar" />
            <Priority v="interrupts disabled" />
          </event>
          <event name="OnRxCharExt" v="generate code">
            <Event_procedure_name v="Inhr1_OnRxCharExt" />
            <Priority v="interrupts disabled" />
          </event>
          <event name="OnTxChar" v="don&amp;apos;t generate code" />
          <event name="OnFullRxBuf" v="don&amp;apos;t generate code" />
          <event name="OnFreeTxBuf" v="don&amp;apos;t generate code" />
          <event name="OnBreak" v="don&amp;apos;t generate code" />
          <event name="OnTxComplete" v="don&amp;apos;t generate code" />
        </Events>
      </inhrbean>
      <group name="CPU clock/speed selection">
        <High_speed_mode v="This component enabled" />
        <Low_speed_mode v="This component disabled" />
        <Slow_speed_mode v="This component disabled" />
      </group>
    </Properties>
    <Methods>
      <CRLF v="generate code" />
      <SendStr v="generate code" />
      <SendNum v="generate code" />
      <SendFloatNum v="don&amp;apos;t generate code" />
      <SendChar v="generate code" />
      <Cls v="generate code" />
      <CursorUp v="don&amp;apos;t generate code" />
      <CursorDown v="don&amp;apos;t generate code" />
      <CursorLeft v="don&amp;apos;t generate code" />
      <CursorRight v="don&amp;apos;t generate code" />
      <MoveTo v="generate code" />
      <SetColor v="generate code" />
      <EraseLine v="generate code" />
      <ReadChar v="generate code" />
      <KeyPressed v="generate code" />
      <ReadLine v="don&amp;apos;t generate code" />
    </Methods>
    <Events>
      <EmptySection_DummyValue />
    </Events>
  </Bean>
  <Bean name="x_step" type="BitIO">
    <Enabled v="Y" />
    <Properties>
      <Component_name v="x_step" />
      <Pin_for_I_O v="ADC0_SE12/PTB2/I2C0_SCL/UART0_RTS_b/FTM0_FLT3" />
      <inhrbean type="BitIO_LDD">
        <Enabled v="Y" />
        <Template v="BitIO_LDD" />
        <Properties>
          <Component_name v="BitIoLdd1" />
          <Pin_for_I_O v="ADC0_SE12/PTB2/I2C0_SCL/UART0_RTS_b/FTM0_FLT3" />
          <Direction v="Input/Output" />
          <group name="Initialization">
            <Init__direction v="Output" />
            <Init__value v="0" />
            <Auto_initialization v="yes" />
          </group>
          <Safe_mode v="yes" />
        </Properties>
        <Methods>
          <Init v="generate code" />
          <Deinit v="don&amp;apos;t generate code" />
          <GetDir v="don&amp;apos;t generate code" />
          <SetDir v="generate code" />
          <SetInput v="don&amp;apos;t generate code" />
          <SetOutput v="don&amp;apos;t generate code" />
          <GetVal v="generate code" />
          <PutVal v="generate code" />
          <ClrVal v="generate code" />
          <SetVal v="generate code" />
          <NegVal v="generate code" />
          <ConnectPin v="don&amp;apos;t generate code" />
          <GetRawVal v="don&amp;apos;t generate code" />
        </Methods>
        <Events>
          <EmptySection_DummyValue />
        </Events>
      </inhrbean>
      <Direction v="Input/Output" />
      <group name="Initialization">
        <Init__direction v="Output" />
        <Init__value v="0" />
      </group>
      <Safe_mode v="yes" />
      <Optimization_for v="speed" />
    </Properties>
    <Methods>
      <GetDir v="don&amp;apos;t generate code" />
      <SetDir v="generate code" />
      <SetInput v="don&amp;apos;t generate code" />
      <SetOutput v="don&amp;apos;t generate code" />
      <GetVal v="generate code" />
      <PutVal v="generate code" />
      <ClrVal v="generate code" />
      <SetVal v="generate code" />
      <NegVal v="generate code" />
      <ConnectPin v="don&amp;apos;t generate code" />
      <GetRawVal v="don&amp;apos;t generate code" />
    </Methods>
    <Events>
      <EmptySection_DummyValue />
    </Events>
  </Bean>
  <Bean name="y_step" type="BitIO">
    <Enabled v="Y" />
    <Properties>
      <Component_name v="y_step" />
      <Pin_for_I_O v="PTA5/USB_CLKIN/FTM0_CH2/I2S0_TX_BCLK/JTAG_TRST_b" />
      <inhrbean type="BitIO_LDD">
        <Enabled v="Y" />
        <Template v="BitIO_LDD" />
        <Properties>
          <Component_name v="BitIoLdd2" />
          <Pin_for_I_O v="PTA5/USB_CLKIN/FTM0_CH2/I2S0_TX_BCLK/JTAG_TRST_b" />
          <Direction v="Input/Output" />
          <group name="Initialization">
            <Init__direction v="Output" />
            <Init__value v="0" />
            <Auto_initialization v="yes" />
          </group>
          <Safe_mode v="yes" />
        </Properties>
        <Methods>
          <Init v="generate code" />
          <Deinit v="don&amp;apos;t generate code" />
          <GetDir v="don&amp;apos;t generate code" />
          <SetDir v="generate code" />
          <SetInput v="don&amp;apos;t generate code" />
          <SetOutput v="don&amp;apos;t generate code" />
          <GetVal v="generate code" />
          <PutVal v="generate code" />
          <ClrVal v="generate code" />
          <SetVal v="generate code" />
          <NegVal v="generate code" />
          <ConnectPin v="don&amp;apos;t generate code" />
          <GetRawVal v="don&amp;apos;t generate code" />
        </Methods>
        <Events>
          <EmptySection_DummyValue />
        </Events>
      </inhrbean>
      <Direction v="Input/Output" />
      <group name="Initialization">
        <Init__direction v="Output" />
        <Init__value v="0" />
      </group>
      <Safe_mode v="yes" />
      <Optimization_for v="speed" />
    </Properties>
    <Methods>
      <GetDir v="don&amp;apos;t generate code" />
      <SetDir v="generate code" />
      <SetInput v="don&amp;apos;t generate code" />
      <SetOutput v="don&amp;apos;t generate code" />
      <GetVal v="generate code" />
      <PutVal v="generate code" />
      <ClrVal v="generate code" />
      <SetVal v="generate code" />
      <NegVal v="generate code" />
      <ConnectPin v="don&amp;apos;t generate code" />
      <GetRawVal v="don&amp;apos;t generate code" />
    </Methods>
    <Events>
      <EmptySection_DummyValue />
    </Events>
  </Bean>
  <Bean name="z_step" type="BitIO">
    <Enabled v="Y" />
    <Properties>
      <Component_name v="z_step" />
      <Pin_for_I_O v="ADC1_SE5b/CMP0_IN3/PTC9/FTM3_CH5/I2S0_RX_BCLK/FBa_AD6/FTM2_FLT0" />
      <inhrbean type="BitIO_LDD">
        <Enabled v="Y" />
        <Template v="BitIO_LDD" />
        <Properties>
          <Component_name v="BitIoLdd3" />
          <Pin_for_I_O v="ADC1_SE5b/CMP0_IN3/PTC9/FTM3_CH5/I2S0_RX_BCLK/FBa_AD6/FTM2_FLT0" />
          <Direction v="Input/Output" />
          <group name="Initialization">
            <Init__direction v="Output" />
            <Init__value v="0" />
            <Auto_initialization v="yes" />
          </group>
          <Safe_mode v="yes" />
        </Properties>
        <Methods>
          <Init v="generate code" />
          <Deinit v="don&amp;apos;t generate code" />
          <GetDir v="don&amp;apos;t generate code" />
          <SetDir v="generate code" />
          <SetInput v="don&amp;apos;t generate code" />
          <SetOutput v="don&amp;apos;t generate code" />
          <GetVal v="generate code" />
          <PutVal v="generate code" />
          <ClrVal v="generate code" />
          <SetVal v="generate code" />
          <NegVal v="generate code" />
          <ConnectPin v="don&amp;apos;t generate code" />
          <GetRawVal v="don&amp;apos;t generate code" />
        </Methods>
        <Events>
          <EmptySection_DummyValue />
        </Events>
      </inhrbean>
      <Direction v="Input/Output" />
      <group name="Initialization">
        <Init__direction v="Output" />
        <Init__value v="0" />
      </group>
      <Safe_mode v="yes" />
      <Optimization_for v="speed" />
    </Properties>
    <Methods>
      <GetDir v="don&amp;apos;t generate code" />
      <SetDir v="generate code" />
      <SetInput v="don&amp;apos;t generate code" />
      <SetOutput v="don&amp;apos;t generate code" />
      <GetVal v="generate code" />
      <PutVal v="generate code" />
      <ClrVal v="generate code" />
      <SetVal v="generate code" />
      <NegVal v="generate code" />
      <ConnectPin v="don&amp;apos;t generate code" />
      <GetRawVal v="don&amp;apos;t generate code" />
    </Methods>
    <Events>
      <EmptySection_DummyValue />
    </Events>
  </Bean>
  <Bean name="FC321" type="FreeCntr32">
    <Enabled v="Y" />
    <Properties>
      <Component_name v="FC321" />
      <Periodic_interrupt_source v="FTM2_C1V" />
      <Counter v="FTM2_CNT" />
      <boolgroup name="Interrupt service/event" v="Enabled">
        <Interrupt v="INT_FTM2" />
        <Interrupt_priority v="medium priority" />
      </boolgroup>
      <Resolution v="0.095367 &amp;#181;s" />
      <Same_resolution_in_modes v="yes" />
      <Component_uses_entire_timer v="no" />
      <group name="Initialization">
        <Enabled_in_init__code v="yes" />
      </group>
      <group name="CPU clock/speed selection">
        <High_speed_mode v="This component enabled" />
        <Low_speed_mode v="This component disabled" />
        <Slow_speed_mode v="This component disabled" />
      </group>
      <group name="Referenced components">
        <inhrbean type="RealTime_LDD">
          <Enabled v="Y" />
          <Properties>
            <Component_name v="RealTimeLdd1" />
            <Periodic_interrupt_source v="FTM2_C1V" />
            <Counter v="FTM2_CNT" />
            <boolgroup name="Interrupt service/event" v="Enabled">
              <Interrupt v="INT_FTM2" />
              <Interrupt_priority v="medium priority" />
            </boolgroup>
            <Resolution v="0.095367 &amp;#181;s" />
            <SW_counter v="32-bit" />
            <Maximum_time_of_event v="409.598146117632 sec" />
            <group name="Initialization">
              <Enabled_in_init__code v="yes" />
            </group>
            <group name="Referenced components">
              <Linked_TimerUnit v="TU1" />
            </group>
          </Properties>
          <Methods>
            <Init v="generate code" />
            <Deinit v="don&amp;apos;t generate code" />
            <Enable v="don&amp;apos;t generate code" />
            <Disable v="don&amp;apos;t generate code" />
            <Reset v="generate code" />
            <GetTimeUS v="generate code" />
            <GetTimeMS v="generate code" />
            <GetTimeSec v="don&amp;apos;t generate code" />
            <GetTimeReal v="don&amp;apos;t generate code" />
            <SetOperationMode v="don&amp;apos;t generate code" />
            <GetDriverState v="don&amp;apos;t generate code" />
          </Methods>
          <Events>
            <EmptySection_DummyValue />
          </Events>
        </inhrbean>
      </group>
    </Properties>
    <Methods>
      <Enable v="don&amp;apos;t generate code" />
      <Disable v="don&amp;apos;t generate code" />
      <Reset v="generate code" />
      <GetTicks16 v="don&amp;apos;t generate code" />
      <GetTicks32 v="don&amp;apos;t generate code" />
      <GetTicks64 v="don&amp;apos;t generate code" />
      <GetTimeUS v="generate code" />
      <GetTimeMS v="generate code" />
      <GetTimeSec v="don&amp;apos;t generate code" />
      <GetTimeReal v="don&amp;apos;t generate code" />
    </Methods>
    <Events>
      <Event_module_name v="Events" />
      <event name="BeforeNewSpeed" v="don&amp;apos;t generate code" />
      <event name="AfterNewSpeed" v="don&amp;apos;t generate code" />
    </Events>
  </Bean>
  <Bean name="TU1" type="TimerUnit_LDD">
    <Enabled v="Y" />
    <Properties>
      <Component_name v="TU1" />
      <Module_name v="FTM2" />
      <Counter v="FTM2_CNT" />
      <Counter_direction v="Up" />
      <Counter_width v="16 bits" />
      <Value_type v="uint16_t" />
      <enumgroup name="Input clock source" v="Internal">
        <Counter_frequency v="Auto select" />
      </enumgroup>
      <enumgroup name="Counter restart" v="On-overrun">
        <Overrun_period v="Auto select" />
        <boolgroup name="Interrupt" v="Disabled" />
      </enumgroup>
      <list name="Channel list" v="1">
        <group name="Channel 0">
          <enumgroup name="Mode" v="Compare">
            <Compare v="FTM2_C1V" />
            <Offset v="0.095367 &amp;#181;s" />
            <enumgroup name="Output on compare" v="Disconnect">
              <EmptySection_DummyValue />
            </enumgroup>
            <boolgroup name="Interrupt" v="Enabled">
              <Interrupt v="INT_FTM2" />
              <Interrupt_priority v="medium priority" />
            </boolgroup>
          </enumgroup>
        </group>
      </list>
      <group name="Initialization">
        <Enabled_in_init__code v="yes" />
        <group name="Event mask">
          <OnCounterRestart v="Disabled" />
          <OnChannel0 v="Enabled" />
          <OnChannel1 v="Disabled" />
          <OnChannel2 v="Disabled" />
          <OnChannel3 v="Disabled" />
          <OnChannel4 v="Disabled" />
          <OnChannel5 v="Disabled" />
          <OnChannel6 v="Disabled" />
          <OnChannel7 v="Disabled" />
        </group>
      </group>
    </Properties>
    <Methods>
      <Init v="generate code" />
      <Deinit v="don&amp;apos;t generate code" />
      <Enable v="don&amp;apos;t generate code" />
      <Disable v="don&amp;apos;t generate code" />
      <SetEventMask v="generate code" />
      <GetEventMask v="generate code" />
      <GetEventStatus v="don&amp;apos;t generate code" />
      <SelectInputFrequency v="don&amp;apos;t generate code" />
      <GetInputFrequencyReal v="don&amp;apos;t generate code" />
      <GetInputFrequency v="don&amp;apos;t generate code" />
      <SetPeriodTicks v="don&amp;apos;t generate code" />
      <GetPeriodTicks v="don&amp;apos;t generate code" />
      <ResetCounter v="don&amp;apos;t generate code" />
      <GetCounterValue v="generate code" />
      <SetOffsetTicks v="generate code" />
      <GetOffsetTicks v="generate code" />
      <GetCaptureValue v="don&amp;apos;t generate code" />
      <SelectOutputAction v="don&amp;apos;t generate code" />
      <SelectCaptureEdge v="don&amp;apos;t generate code" />
      <ConnectPin v="don&amp;apos;t generate code" />
      <SetOperationMode v="don&amp;apos;t generate code" />
      <GetDriverState v="don&amp;apos;t generate code" />
    </Methods>
    <Events>
      <Event_module_name v="Events" />
      <event name="OnCounterRestart" v="don&amp;apos;t generate code" />
      <event name="OnChannel0" v="generate code">
        <Event_procedure_name v="TU1_OnChannel0" />
      </event>
      <event name="OnChannel1" v="don&amp;apos;t generate code" />
      <event name="OnChannel2" v="don&amp;apos;t generate code" />
      <event name="OnChannel3" v="don&amp;apos;t generate code" />
      <event name="OnChannel4" v="don&amp;apos;t generate code" />
      <event name="OnChannel5" v="don&amp;apos;t generate code" />
      <event name="OnChannel6" v="don&amp;apos;t generate code" />
      <event name="OnChannel7" v="don&amp;apos;t generate code" />
    </Events>
  </Bean>
  <Bean name="PWM1" type="PWM">
    <Enabled v="Y" />
    <Properties>
      <Component_name v="PWM1" />
      <PWM_or_PPG_device v="FTM0_C3V" />
      <Duty_compare v="" />
      <Output_pin v="PTC4/LLWU_P8/SPI0_PCS0/UART1_TX/FTM0_CH3/FBa_AD11/CMP1_OUT/LPUART0_TX" />
      <Counter v="FTM0_CNT" />
      <boolgroup name="Interrupt service/event" v="Disabled" />
      <Period v="50 ms" />
      <Starting_pulse_width v="10 ms" />
      <Initial_polarity v="low" />
      <Same_period_in_modes v="no" />
      <Component_uses_entire_timer v="no" />
      <group name="Initialization">
        <Enabled_in_init__code v="yes" />
        <Events_enabled_in_init_ v="yes" />
      </group>
      <group name="CPU clock/speed selection">
        <High_speed_mode v="This component enabled" />
        <Low_speed_mode v="This component disabled" />
        <Slow_speed_mode v="This component disabled" />
      </group>
      <group name="Referenced components">
        <inhrbean type="PWM_LDD">
          <Enabled v="Y" />
          <Properties>
            <Component_name v="PwmLdd1" />
            <Period_device v="FTM0_MOD" />
            <Duty_device v="FTM0_C3V" />
            <Output_pin v="PTC4/LLWU_P8/SPI0_PCS0/UART1_TX/FTM0_CH3/FBa_AD11/CMP1_OUT/LPUART0_TX" />
            <Counter v="FTM0_CNT" />
            <boolgroup name="Interrupt service/event" v="Disabled" />
            <Period v="50 ms" />
            <Starting_pulse_width v="10 ms" />
            <Initial_polarity v="low" />
            <group name="Initialization">
              <Enabled_in_init__code v="yes" />
              <group name="Event mask">
                <OnEnd v="Disabled" />
              </group>
            </group>
            <group name="Referenced components">
              <Linked_component v="TU3" />
            </group>
          </Properties>
          <Methods>
            <Init v="generate code" />
            <Deinit v="don&amp;apos;t generate code" />
            <Enable v="don&amp;apos;t generate code" />
            <Disable v="don&amp;apos;t generate code" />
            <SetEventMask v="don&amp;apos;t generate code" />
            <GetEventMask v="don&amp;apos;t generate code" />
            <GetEventStatus v="don&amp;apos;t generate code" />
            <SetRatio8 v="generate code" />
            <SetRatio16 v="generate code" />
            <SetDutyUS v="generate code" />
            <SetDutyMS v="generate code" />
            <SetDutySec v="don&amp;apos;t generate code" />
            <SetDutyReal v="don&amp;apos;t generate code" />
            <SetValue v="don&amp;apos;t generate code" />
            <ClearValue v="don&amp;apos;t generate code" />
            <ConnectPin v="don&amp;apos;t generate code" />
            <SetOperationMode v="don&amp;apos;t generate code" />
            <GetDriverState v="don&amp;apos;t generate code" />
          </Methods>
          <Events>
            <Event_module_name v="Events" />
            <event name="OnEnd" v="don&amp;apos;t generate code" />
          </Events>
        </inhrbean>
      </group>
    </Properties>
    <Methods>
      <Enable v="don&amp;apos;t generate code" />
      <Disable v="don&amp;apos;t generate code" />
      <EnableEvent v="don&amp;apos;t generate code" />
      <DisableEvent v="don&amp;apos;t generate code" />
      <SetRatio8 v="generate code" />
      <SetRatio16 v="generate code" />
      <SetDutyTicks16 v="don&amp;apos;t generate code" />
      <SetDutyTicks32 v="don&amp;apos;t generate code" />
      <SetDutyUS v="generate code" />
      <SetDutyMS v="generate code" />
      <SetDutySec v="don&amp;apos;t generate code" />
      <SetDutyReal v="don&amp;apos;t generate code" />
      <SetValue v="don&amp;apos;t generate code" />
      <ClrValue v="don&amp;apos;t generate code" />
    </Methods>
    <Events>
      <Event_module_name v="Events" />
      <event name="BeforeNewSpeed" v="don&amp;apos;t generate code" />
      <event name="AfterNewSpeed" v="don&amp;apos;t generate code" />
      <event name="OnEnd" v="don&amp;apos;t generate code" />
    </Events>
  </Bean>
  <Bean name="TU3" type="TimerUnit_LDD">
    <Enabled v="Y" />
    <Properties>
      <Component_name v="TU3" />
      <Module_name v="FTM0" />
      <Counter v="FTM0_CNT" />
      <Counter_direction v="Up" />
      <Counter_width v="16 bits" />
      <Value_type v="uint16_t" />
      <enumgroup name="Input clock source" v="Internal">
        <Counter_frequency v="Auto select" />
      </enumgroup>
      <enumgroup name="Counter restart" v="On-match">
        <Period_device v="FTM0_MOD" />
        <Period v="50 ms" />
        <boolgroup name="Interrupt" v="Disabled" />
      </enumgroup>
      <list name="Channel list" v="1">
        <group name="Channel 0">
          <enumgroup name="Mode" v="Compare">
            <Compare v="FTM0_C3V" />
            <Offset v="10 ms" />
            <enumgroup name="Output on compare" v="Set">
              <Output_on_overrun v="Clear" />
              <Initial_state v="Low" />
              <Output_pin v="PTC4/LLWU_P8/SPI0_PCS0/UART1_TX/FTM0_CH3/FBa_AD11/CMP1_OUT/LPUART0_TX" />
            </enumgroup>
            <boolgroup name="Interrupt" v="Disabled" />
          </enumgroup>
        </group>
      </list>
      <group name="Initialization">
        <Enabled_in_init__code v="yes" />
        <group name="Event mask">
          <OnCounterRestart v="Disabled" />
          <OnChannel0 v="Disabled" />
          <OnChannel1 v="Disabled" />
          <OnChannel2 v="Disabled" />
          <OnChannel3 v="Disabled" />
          <OnChannel4 v="Disabled" />
          <OnChannel5 v="Disabled" />
          <OnChannel6 v="Disabled" />
          <OnChannel7 v="Disabled" />
        </group>
      </group>
    </Properties>
    <Methods>
      <Init v="generate code" />
      <Deinit v="don&amp;apos;t generate code" />
      <Enable v="don&amp;apos;t generate code" />
      <Disable v="don&amp;apos;t generate code" />
      <SetEventMask v="don&amp;apos;t generate code" />
      <GetEventMask v="don&amp;apos;t generate code" />
      <GetEventStatus v="don&amp;apos;t generate code" />
      <SelectInputFrequency v="don&amp;apos;t generate code" />
      <GetInputFrequencyReal v="don&amp;apos;t generate code" />
      <GetInputFrequency v="don&amp;apos;t generate code" />
      <SetPeriodTicks v="don&amp;apos;t generate code" />
      <GetPeriodTicks v="generate code" />
      <ResetCounter v="don&amp;apos;t generate code" />
      <GetCounterValue v="generate code" />
      <SetOffsetTicks v="generate code" />
      <GetOffsetTicks v="generate code" />
      <GetCaptureValue v="don&amp;apos;t generate code" />
      <SelectOutputAction v="generate code" />
      <SelectCaptureEdge v="don&amp;apos;t generate code" />
      <ConnectPin v="don&amp;apos;t generate code" />
      <SetOperationMode v="don&amp;apos;t generate code" />
      <GetDriverState v="don&amp;apos;t generate code" />
    </Methods>
    <Events>
      <Event_module_name v="Events" />
      <event name="OnCounterRestart" v="don&amp;apos;t generate code" />
      <event name="OnChannel0" v="don&amp;apos;t generate code" />
      <event name="OnChannel1" v="don&amp;apos;t generate code" />
      <event name="OnChannel2" v="don&amp;apos;t generate code" />
      <event name="OnChannel3" v="don&amp;apos;t generate code" />
      <event name="OnChannel4" v="don&amp;apos;t generate code" />
      <event name="OnChannel5" v="don&amp;apos;t generate code" />
      <event name="OnChannel6" v="don&amp;apos;t generate code" />
      <event name="OnChannel7" v="don&amp;apos;t generate code" />
    </Events>
  </Bean>
  <Bean name="Sleep_x" type="BitIO">
    <Enabled v="Y" />
    <Properties>
      <Component_name v="Sleep_x" />
      <Pin_for_I_O v="ADC0_SE4b/CMP1_IN0/PTC2/SPI0_PCS2/UART1_CTS_b/FTM0_CH1/FBa_AD12/I2S0_TX_FS/LPUART0_CTS_b" />
      <inhrbean type="BitIO_LDD">
        <Enabled v="Y" />
        <Template v="BitIO_LDD" />
        <Properties>
          <Component_name v="BitIoLdd5" />
          <Pin_for_I_O v="ADC0_SE4b/CMP1_IN0/PTC2/SPI0_PCS2/UART1_CTS_b/FTM0_CH1/FBa_AD12/I2S0_TX_FS/LPUART0_CTS_b" />
          <Direction v="Output" />
          <group name="Initialization">
            <Init__direction v="Output" />
            <Init__value v="1" />
            <Auto_initialization v="yes" />
          </group>
          <Safe_mode v="yes" />
        </Properties>
        <Methods>
          <Init v="generate code" />
          <Deinit v="don&amp;apos;t generate code" />
          <GetDir v="don&amp;apos;t generate code" />
          <SetDir v="don&amp;apos;t generate code" />
          <SetInput v="don&amp;apos;t generate code" />
          <SetOutput v="don&amp;apos;t generate code" />
          <GetVal v="generate code" />
          <PutVal v="generate code" />
          <ClrVal v="generate code" />
          <SetVal v="generate code" />
          <NegVal v="don&amp;apos;t generate code" />
          <ConnectPin v="don&amp;apos;t generate code" />
          <GetRawVal v="don&amp;apos;t generate code" />
        </Methods>
        <Events>
          <EmptySection_DummyValue />
        </Events>
      </inhrbean>
      <Direction v="Output" />
      <group name="Initialization">
        <Init__direction v="Output" />
        <Init__value v="1" />
      </group>
      <Safe_mode v="yes" />
      <Optimization_for v="speed" />
    </Properties>
    <Methods>
      <GetDir v="don&amp;apos;t generate code" />
      <SetDir v="don&amp;apos;t generate code" />
      <SetInput v="don&amp;apos;t generate code" />
      <SetOutput v="don&amp;apos;t generate code" />
      <GetVal v="generate code" />
      <PutVal v="generate code" />
      <ClrVal v="generate code" />
      <SetVal v="generate code" />
      <NegVal v="don&amp;apos;t generate code" />
      <ConnectPin v="don&amp;apos;t generate code" />
      <GetRawVal v="don&amp;apos;t generate code" />
    </Methods>
    <Events>
      <EmptySection_DummyValue />
    </Events>
  </Bean>
  <Bean name="Dir_x" type="BitIO">
    <Enabled v="Y" />
    <Properties>
      <Component_name v="Dir_x" />
      <Pin_for_I_O v="ADC0_SE13/PTB3/I2C0_SDA/UART0_CTS_b/FTM0_FLT0" />
      <inhrbean type="BitIO_LDD">
        <Enabled v="Y" />
        <Template v="BitIO_LDD" />
        <Properties>
          <Component_name v="BitIoLdd6" />
          <Pin_for_I_O v="ADC0_SE13/PTB3/I2C0_SDA/UART0_CTS_b/FTM0_FLT0" />
          <Direction v="Input/Output" />
          <group name="Initialization">
            <Init__direction v="Output" />
            <Init__value v="0" />
            <Auto_initialization v="yes" />
          </group>
          <Safe_mode v="yes" />
        </Properties>
        <Methods>
          <Init v="generate code" />
          <Deinit v="don&amp;apos;t generate code" />
          <GetDir v="don&amp;apos;t generate code" />
          <SetDir v="generate code" />
          <SetInput v="don&amp;apos;t generate code" />
          <SetOutput v="don&amp;apos;t generate code" />
          <GetVal v="generate code" />
          <PutVal v="generate code" />
          <ClrVal v="generate code" />
          <SetVal v="generate code" />
          <NegVal v="generate code" />
          <ConnectPin v="don&amp;apos;t generate code" />
          <GetRawVal v="don&amp;apos;t generate code" />
        </Methods>
        <Events>
          <EmptySection_DummyValue />
        </Events>
      </inhrbean>
      <Direction v="Input/Output" />
      <group name="Initialization">
        <Init__direction v="Output" />
        <Init__value v="0" />
      </group>
      <Safe_mode v="yes" />
      <Optimization_for v="speed" />
    </Properties>
    <Methods>
      <GetDir v="don&amp;apos;t generate code" />
      <SetDir v="generate code" />
      <SetInput v="don&amp;apos;t generate code" />
      <SetOutput v="don&amp;apos;t generate code" />
      <GetVal v="generate code" />
      <PutVal v="generate code" />
      <ClrVal v="generate code" />
      <SetVal v="generate code" />
      <NegVal v="generate code" />
      <ConnectPin v="don&amp;apos;t generate code" />
      <GetRawVal v="don&amp;apos;t generate code" />
    </Methods>
    <Events>
      <EmptySection_DummyValue />
    </Events>
  </Bean>
  <Bean name="Reset_x" type="BitIO">
    <Enabled v="Y" />
    <Properties>
      <Component_name v="Reset_x" />
      <Pin_for_I_O v="ADC0_SE15/PTC1/LLWU_P6/SPI0_PCS3/UART1_RTS_b/FTM0_CH0/FBa_AD13/I2S0_TXD0/LPUART0_RTS_b" />
      <inhrbean type="BitIO_LDD">
        <Enabled v="Y" />
        <Template v="BitIO_LDD" />
        <Properties>
          <Component_name v="BitIoLdd4" />
          <Pin_for_I_O v="ADC0_SE15/PTC1/LLWU_P6/SPI0_PCS3/UART1_RTS_b/FTM0_CH0/FBa_AD13/I2S0_TXD0/LPUART0_RTS_b" />
          <Direction v="Output" />
          <group name="Initialization">
            <Init__direction v="Output" />
            <Init__value v="1" />
            <Auto_initialization v="yes" />
          </group>
          <Safe_mode v="yes" />
        </Properties>
        <Methods>
          <Init v="generate code" />
          <Deinit v="don&amp;apos;t generate code" />
          <GetDir v="don&amp;apos;t generate code" />
          <SetDir v="don&amp;apos;t generate code" />
          <SetInput v="don&amp;apos;t generate code" />
          <SetOutput v="don&amp;apos;t generate code" />
          <GetVal v="generate code" />
          <PutVal v="generate code" />
          <ClrVal v="generate code" />
          <SetVal v="generate code" />
          <NegVal v="don&amp;apos;t generate code" />
          <ConnectPin v="don&amp;apos;t generate code" />
          <GetRawVal v="don&amp;apos;t generate code" />
        </Methods>
        <Events>
          <EmptySection_DummyValue />
        </Events>
      </inhrbean>
      <Direction v="Output" />
      <group name="Initialization">
        <Init__direction v="Output" />
        <Init__value v="1" />
      </group>
      <Safe_mode v="yes" />
      <Optimization_for v="speed" />
    </Properties>
    <Methods>
      <GetDir v="don&amp;apos;t generate code" />
      <SetDir v="don&amp;apos;t generate code" />
      <SetInput v="don&amp;apos;t generate code" />
      <SetOutput v="don&amp;apos;t generate code" />
      <GetVal v="generate code" />
      <PutVal v="generate code" />
      <ClrVal v="generate code" />
      <SetVal v="generate code" />
      <NegVal v="don&amp;apos;t generate code" />
      <ConnectPin v="don&amp;apos;t generate code" />
      <GetRawVal v="don&amp;apos;t generate code" />
    </Methods>
    <Events>
      <EmptySection_DummyValue />
    </Events>
  </Bean>
  <Bean name="Dir_y" type="BitIO">
    <Enabled v="Y" />
    <Properties>
      <Component_name v="Dir_y" />
      <Pin_for_I_O v="PTA13/LLWU_P4/FTM1_CH1/I2S0_TX_FS/FTM1_QD_PHB" />
      <inhrbean type="BitIO_LDD">
        <Enabled v="Y" />
        <Template v="BitIO_LDD" />
        <Properties>
          <Component_name v="BitIoLdd7" />
          <Pin_for_I_O v="PTA13/LLWU_P4/FTM1_CH1/I2S0_TX_FS/FTM1_QD_PHB" />
          <Direction v="Input/Output" />
          <group name="Initialization">
            <Init__direction v="Output" />
            <Init__value v="0" />
            <Auto_initialization v="yes" />
          </group>
          <Safe_mode v="yes" />
        </Properties>
        <Methods>
          <Init v="generate code" />
          <Deinit v="don&amp;apos;t generate code" />
          <GetDir v="don&amp;apos;t generate code" />
          <SetDir v="generate code" />
          <SetInput v="don&amp;apos;t generate code" />
          <SetOutput v="don&amp;apos;t generate code" />
          <GetVal v="generate code" />
          <PutVal v="generate code" />
          <ClrVal v="generate code" />
          <SetVal v="generate code" />
          <NegVal v="generate code" />
          <ConnectPin v="don&amp;apos;t generate code" />
          <GetRawVal v="don&amp;apos;t generate code" />
        </Methods>
        <Events>
          <EmptySection_DummyValue />
        </Events>
      </inhrbean>
      <Direction v="Input/Output" />
      <group name="Initialization">
        <Init__direction v="Output" />
        <Init__value v="0" />
      </group>
      <Safe_mode v="yes" />
      <Optimization_for v="speed" />
    </Properties>
    <Methods>
      <GetDir v="don&amp;apos;t generate code" />
      <SetDir v="generate code" />
      <SetInput v="don&amp;apos;t generate code" />
      <SetOutput v="don&amp;apos;t generate code" />
      <GetVal v="generate code" />
      <PutVal v="generate code" />
      <ClrVal v="generate code" />
      <SetVal v="generate code" />
      <NegVal v="generate code" />
      <ConnectPin v="don&amp;apos;t generate code" />
      <GetRawVal v="don&amp;apos;t generate code" />
    </Methods>
    <Events>
      <EmptySection_DummyValue />
    </Events>
  </Bean>
  <Bean name="Dir_z" type="BitIO">
    <Enabled v="Y" />
    <Properties>
      <Component_name v="Dir_z" />
      <Pin_for_I_O v="CMP0_IN1/PTC7/SPI0_SIN/USB_SOF_OUT/I2S0_RX_FS/FBa_AD8" />
      <inhrbean type="BitIO_LDD">
        <Enabled v="Y" />
        <Template v="BitIO_LDD" />
        <Properties>
          <Component_name v="BitIoLdd8" />
          <Pin_for_I_O v="CMP0_IN1/PTC7/SPI0_SIN/USB_SOF_OUT/I2S0_RX_FS/FBa_AD8" />
          <Direction v="Input/Output" />
          <group name="Initialization">
            <Init__direction v="Output" />
            <Init__value v="0" />
            <Auto_initialization v="yes" />
          </group>
          <Safe_mode v="yes" />
        </Properties>
        <Methods>
          <Init v="generate code" />
          <Deinit v="don&amp;apos;t generate code" />
          <GetDir v="don&amp;apos;t generate code" />
          <SetDir v="generate code" />
          <SetInput v="don&amp;apos;t generate code" />
          <SetOutput v="don&amp;apos;t generate code" />
          <GetVal v="generate code" />
          <PutVal v="generate code" />
          <ClrVal v="generate code" />
          <SetVal v="generate code" />
          <NegVal v="generate code" />
          <ConnectPin v="don&amp;apos;t generate code" />
          <GetRawVal v="don&amp;apos;t generate code" />
        </Methods>
        <Events>
          <EmptySection_DummyValue />
        </Events>
      </inhrbean>
      <Direction v="Input/Output" />
      <group name="Initialization">
        <Init__direction v="Output" />
        <Init__value v="0" />
      </group>
      <Safe_mode v="yes" />
      <Optimization_for v="speed" />
    </Properties>
    <Methods>
      <GetDir v="don&amp;apos;t generate code" />
      <SetDir v="generate code" />
      <SetInput v="don&amp;apos;t generate code" />
      <SetOutput v="don&amp;apos;t generate code" />
      <GetVal v="generate code" />
      <PutVal v="generate code" />
      <ClrVal v="generate code" />
      <SetVal v="generate code" />
      <NegVal v="generate code" />
      <ConnectPin v="don&amp;apos;t generate code" />
      <GetRawVal v="don&amp;apos;t generate code" />
    </Methods>
    <Events>
      <EmptySection_DummyValue />
    </Events>
  </Bean>
  <Bean name="Mode_1" type="BitIO">
    <Enabled v="Y" />
    <Properties>
      <Component_name v="Mode_1" />
      <Pin_for_I_O v="ADC0_SE7b/PTD6/LLWU_P15/SPI0_PCS3/UART0_RX/FTM0_CH6/FBa_AD0/FTM0_FLT0/SPI1_SOUT" />
      <inhrbean type="BitIO_LDD">
        <Enabled v="Y" />
        <Template v="BitIO_LDD" />
        <Properties>
          <Component_name v="BitIoLdd9" />
          <Pin_for_I_O v="ADC0_SE7b/PTD6/LLWU_P15/SPI0_PCS3/UART0_RX/FTM0_CH6/FBa_AD0/FTM0_FLT0/SPI1_SOUT" />
          <Direction v="Input/Output" />
          <group name="Initialization">
            <Init__direction v="Output" />
            <Init__value v="1" />
            <Auto_initialization v="yes" />
          </group>
          <Safe_mode v="yes" />
        </Properties>
        <Methods>
          <Init v="generate code" />
          <Deinit v="don&amp;apos;t generate code" />
          <GetDir v="don&amp;apos;t generate code" />
          <SetDir v="generate code" />
          <SetInput v="don&amp;apos;t generate code" />
          <SetOutput v="don&amp;apos;t generate code" />
          <GetVal v="generate code" />
          <PutVal v="generate code" />
          <ClrVal v="generate code" />
          <SetVal v="generate code" />
          <NegVal v="don&amp;apos;t generate code" />
          <ConnectPin v="don&amp;apos;t generate code" />
          <GetRawVal v="don&amp;apos;t generate code" />
        </Methods>
        <Events>
          <EmptySection_DummyValue />
        </Events>
      </inhrbean>
      <Direction v="Input/Output" />
      <group name="Initialization">
        <Init__direction v="Output" />
        <Init__value v="1" />
      </group>
      <Safe_mode v="yes" />
      <Optimization_for v="speed" />
    </Properties>
    <Methods>
      <GetDir v="don&amp;apos;t generate code" />
      <SetDir v="generate code" />
      <SetInput v="don&amp;apos;t generate code" />
      <SetOutput v="don&amp;apos;t generate code" />
      <GetVal v="generate code" />
      <PutVal v="generate code" />
      <ClrVal v="generate code" />
      <SetVal v="generate code" />
      <NegVal v="don&amp;apos;t generate code" />
      <ConnectPin v="don&amp;apos;t generate code" />
      <GetRawVal v="don&amp;apos;t generate code" />
    </Methods>
    <Events>
      <EmptySection_DummyValue />
    </Events>
  </Bean>
  <Bean name="Mode_2" type="BitIO">
    <Enabled v="Y" />
    <Properties>
      <Component_name v="Mode_2" />
      <Pin_for_I_O v="PTD7/UART0_TX/FTM0_CH7/FTM0_FLT1/SPI1_SIN" />
      <inhrbean type="BitIO_LDD">
        <Enabled v="Y" />
        <Template v="BitIO_LDD" />
        <Properties>
          <Component_name v="BitIoLdd10" />
          <Pin_for_I_O v="PTD7/UART0_TX/FTM0_CH7/FTM0_FLT1/SPI1_SIN" />
          <Direction v="Input/Output" />
          <group name="Initialization">
            <Init__direction v="Output" />
            <Init__value v="1" />
            <Auto_initialization v="yes" />
          </group>
          <Safe_mode v="yes" />
        </Properties>
        <Methods>
          <Init v="generate code" />
          <Deinit v="don&amp;apos;t generate code" />
          <GetDir v="don&amp;apos;t generate code" />
          <SetDir v="generate code" />
          <SetInput v="don&amp;apos;t generate code" />
          <SetOutput v="don&amp;apos;t generate code" />
          <GetVal v="generate code" />
          <PutVal v="generate code" />
          <ClrVal v="generate code" />
          <SetVal v="generate code" />
          <NegVal v="don&amp;apos;t generate code" />
          <ConnectPin v="don&amp;apos;t generate code" />
          <GetRawVal v="don&amp;apos;t generate code" />
        </Methods>
        <Events>
          <EmptySection_DummyValue />
        </Events>
      </inhrbean>
      <Direction v="Input/Output" />
      <group name="Initialization">
        <Init__direction v="Output" />
        <Init__value v="1" />
      </group>
      <Safe_mode v="yes" />
      <Optimization_for v="speed" />
    </Properties>
    <Methods>
      <GetDir v="don&amp;apos;t generate code" />
      <SetDir v="generate code" />
      <SetInput v="don&amp;apos;t generate code" />
      <SetOutput v="don&amp;apos;t generate code" />
      <GetVal v="generate code" />
      <PutVal v="generate code" />
      <ClrVal v="generate code" />
      <SetVal v="generate code" />
      <NegVal v="don&amp;apos;t generate code" />
      <ConnectPin v="don&amp;apos;t generate code" />
      <GetRawVal v="don&amp;apos;t generate code" />
    </Methods>
    <Events>
      <EmptySection_DummyValue />
    </Events>
  </Bean>
  <Bean name="Mode_3" type="BitIO">
    <Enabled v="Y" />
    <Properties>
      <Component_name v="Mode_3" />
      <Pin_for_I_O v="PTD4/LLWU_P14/SPI0_PCS1/UART0_RTS_b/FTM0_CH4/FBa_AD2/EWM_IN/SPI1_PCS0" />
      <inhrbean type="BitIO_LDD">
        <Enabled v="Y" />
        <Template v="BitIO_LDD" />
        <Properties>
          <Component_name v="BitIoLdd11" />
          <Pin_for_I_O v="PTD4/LLWU_P14/SPI0_PCS1/UART0_RTS_b/FTM0_CH4/FBa_AD2/EWM_IN/SPI1_PCS0" />
          <Direction v="Input/Output" />
          <group name="Initialization">
            <Init__direction v="Output" />
            <Init__value v="1" />
            <Auto_initialization v="yes" />
          </group>
          <Safe_mode v="yes" />
        </Properties>
        <Methods>
          <Init v="generate code" />
          <Deinit v="don&amp;apos;t generate code" />
          <GetDir v="don&amp;apos;t generate code" />
          <SetDir v="generate code" />
          <SetInput v="don&amp;apos;t generate code" />
          <SetOutput v="don&amp;apos;t generate code" />
          <GetVal v="generate code" />
          <PutVal v="generate code" />
          <ClrVal v="generate code" />
          <SetVal v="generate code" />
          <NegVal v="don&amp;apos;t generate code" />
          <ConnectPin v="don&amp;apos;t generate code" />
          <GetRawVal v="don&amp;apos;t generate code" />
        </Methods>
        <Events>
          <EmptySection_DummyValue />
        </Events>
      </inhrbean>
      <Direction v="Input/Output" />
      <group name="Initialization">
        <Init__direction v="Output" />
        <Init__value v="1" />
      </group>
      <Safe_mode v="yes" />
      <Optimization_for v="speed" />
    </Properties>
    <Methods>
      <GetDir v="don&amp;apos;t generate code" />
      <SetDir v="generate code" />
      <SetInput v="don&amp;apos;t generate code" />
      <SetOutput v="don&amp;apos;t generate code" />
      <GetVal v="generate code" />
      <PutVal v="generate code" />
      <ClrVal v="generate code" />
      <SetVal v="generate code" />
      <NegVal v="don&amp;apos;t generate code" />
      <ConnectPin v="don&amp;apos;t generate code" />
      <GetRawVal v="don&amp;apos;t generate code" />
    </Methods>
    <Events>
      <EmptySection_DummyValue />
    </Events>
  </Bean>
  <Bean name="Red_LED" type="BitIO">
    <Enabled v="Y" />
    <Properties>
      <Component_name v="Red_LED" />
      <Pin_for_I_O v="CMP1_IN1/PTC3/LLWU_P7/SPI0_PCS1/UART1_RX/FTM0_CH2/CLKOUT/I2S0_TX_BCLK/LPUART0_RX" />
      <inhrbean type="BitIO_LDD">
        <Enabled v="Y" />
        <Template v="BitIO_LDD" />
        <Properties>
          <Component_name v="BitIoLdd15" />
          <Pin_for_I_O v="CMP1_IN1/PTC3/LLWU_P7/SPI0_PCS1/UART1_RX/FTM0_CH2/CLKOUT/I2S0_TX_BCLK/LPUART0_RX" />
          <Direction v="Output" />
          <group name="Initialization">
            <Init__direction v="Output" />
            <Init__value v="1" />
            <Auto_initialization v="yes" />
          </group>
          <Safe_mode v="yes" />
        </Properties>
        <Methods>
          <Init v="generate code" />
          <Deinit v="don&amp;apos;t generate code" />
          <GetDir v="don&amp;apos;t generate code" />
          <SetDir v="don&amp;apos;t generate code" />
          <SetInput v="don&amp;apos;t generate code" />
          <SetOutput v="don&amp;apos;t generate code" />
          <GetVal v="generate code" />
          <PutVal v="generate code" />
          <ClrVal v="generate code" />
          <SetVal v="generate code" />
          <NegVal v="generate code" />
          <ConnectPin v="don&amp;apos;t generate code" />
          <GetRawVal v="don&amp;apos;t generate code" />
        </Methods>
        <Events>
          <EmptySection_DummyValue />
        </Events>
      </inhrbean>
      <Direction v="Output" />
      <group name="Initialization">
        <Init__direction v="Output" />
        <Init__value v="1" />
      </group>
      <Safe_mode v="yes" />
      <Optimization_for v="speed" />
    </Properties>
    <Methods>
      <GetDir v="don&amp;apos;t generate code" />
      <SetDir v="don&amp;apos;t generate code" />
      <SetInput v="don&amp;apos;t generate code" />
      <SetOutput v="don&amp;apos;t generate code" />
      <GetVal v="generate code" />
      <PutVal v="generate code" />
      <ClrVal v="generate code" />
      <SetVal v="generate code" />
      <NegVal v="generate code" />
      <ConnectPin v="don&amp;apos;t generate code" />
      <GetRawVal v="don&amp;apos;t generate code" />
    </Methods>
    <Events>
      <EmptySection_DummyValue />
    </Events>
  </Bean>
  <Bean name="Green_LED" type="BitIO">
    <Enabled v="Y" />
    <Properties>
      <Component_name v="Green_LED" />
      <Pin_for_I_O v="CMP0_IN0/PTC6/LLWU_P10/SPI0_SOUT/PDB0_EXTRG/I2S0_RX_BCLK/FBa_AD9/I2S0_MCLK" />
      <inhrbean type="BitIO_LDD">
        <Enabled v="Y" />
        <Template v="BitIO_LDD" />
        <Properties>
          <Component_name v="BitIoLdd16" />
          <Pin_for_I_O v="CMP0_IN0/PTC6/LLWU_P10/SPI0_SOUT/PDB0_EXTRG/I2S0_RX_BCLK/FBa_AD9/I2S0_MCLK" />
          <Direction v="Input/Output" />
          <group name="Initialization">
            <Init__direction v="Output" />
            <Init__value v="1" />
            <Auto_initialization v="yes" />
          </group>
          <Safe_mode v="no" />
        </Properties>
        <Methods>
          <Init v="generate code" />
          <Deinit v="don&amp;apos;t generate code" />
          <GetDir v="don&amp;apos;t generate code" />
          <SetDir v="generate code" />
          <SetInput v="don&amp;apos;t generate code" />
          <SetOutput v="don&amp;apos;t generate code" />
          <GetVal v="generate code" />
          <PutVal v="generate code" />
          <ClrVal v="generate code" />
          <SetVal v="generate code" />
          <NegVal v="generate code" />
          <ConnectPin v="don&amp;apos;t generate code" />
          <GetRawVal v="don&amp;apos;t generate code" />
        </Methods>
        <Events>
          <EmptySection_DummyValue />
        </Events>
      </inhrbean>
      <Direction v="Input/Output" />
      <group name="Initialization">
        <Init__direction v="Output" />
        <Init__value v="1" />
      </group>
      <Safe_mode v="no" />
      <Optimization_for v="speed" />
    </Properties>
    <Methods>
      <GetDir v="don&amp;apos;t generate code" />
      <SetDir v="generate code" />
      <SetInput v="don&amp;apos;t generate code" />
      <SetOutput v="don&amp;apos;t generate code" />
      <GetVal v="generate code" />
      <PutVal v="generate code" />
      <ClrVal v="generate code" />
      <SetVal v="generate code" />
      <NegVal v="generate code" />
      <ConnectPin v="don&amp;apos;t generate code" />
      <GetRawVal v="don&amp;apos;t generate code" />
    </Methods>
    <Events>
      <EmptySection_DummyValue />
    </Events>
  </Bean>
  <Bean name="Blue_LED" type="BitIO">
    <Enabled v="Y" />
    <Properties>
      <Component_name v="Blue_LED" />
      <Pin_for_I_O v="PTB18/FTM2_CH0/I2S0_TX_BCLK/FBa_AD15/FTM2_QD_PHA" />
      <inhrbean type="BitIO_LDD">
        <Enabled v="Y" />
        <Template v="BitIO_LDD" />
        <Properties>
          <Component_name v="BitIoLdd17" />
          <Pin_for_I_O v="PTB18/FTM2_CH0/I2S0_TX_BCLK/FBa_AD15/FTM2_QD_PHA" />
          <Direction v="Output" />
          <group name="Initialization">
            <Init__direction v="Output" />
            <Init__value v="1" />
            <Auto_initialization v="yes" />
          </group>
          <Safe_mode v="yes" />
        </Properties>
        <Methods>
          <Init v="generate code" />
          <Deinit v="don&amp;apos;t generate code" />
          <GetDir v="don&amp;apos;t generate code" />
          <SetDir v="don&amp;apos;t generate code" />
          <SetInput v="don&amp;apos;t generate code" />
          <SetOutput v="don&amp;apos;t generate code" />
          <GetVal v="generate code" />
          <PutVal v="generate code" />
          <ClrVal v="generate code" />
          <SetVal v="generate code" />
          <NegVal v="generate code" />
          <ConnectPin v="don&amp;apos;t generate code" />
          <GetRawVal v="don&amp;apos;t generate code" />
        </Methods>
        <Events>
          <EmptySection_DummyValue />
        </Events>
      </inhrbean>
      <Direction v="Output" />
      <group name="Initialization">
        <Init__direction v="Output" />
        <Init__value v="1" />
      </group>
      <Safe_mode v="yes" />
      <Optimization_for v="speed" />
    </Properties>
    <Methods>
      <GetDir v="don&amp;apos;t generate code" />
      <SetDir v="don&amp;apos;t generate code" />
      <SetInput v="don&amp;apos;t generate code" />
      <SetOutput v="don&amp;apos;t generate code" />
      <GetVal v="generate code" />
      <PutVal v="generate code" />
      <ClrVal v="generate code" />
      <SetVal v="generate code" />
      <NegVal v="generate code" />
      <ConnectPin v="don&amp;apos;t generate code" />
      <GetRawVal v="don&amp;apos;t generate code" />
    </Methods>
    <Events>
      <EmptySection_DummyValue />
    </Events>
  </Bean>
  <Bean name="Reset_z" type="BitIO">
    <Enabled v="Y" />
    <Properties>
      <Component_name v="Reset_z" />
      <Pin_for_I_O v="ADC1_SE4b/CMP0_IN2/PTC8/FTM3_CH4/I2S0_MCLK/FBa_AD7" />
      <inhrbean type="BitIO_LDD">
        <Enabled v="Y" />
        <Template v="BitIO_LDD" />
        <Properties>
          <Component_name v="BitIoLdd12" />
          <Pin_for_I_O v="ADC1_SE4b/CMP0_IN2/PTC8/FTM3_CH4/I2S0_MCLK/FBa_AD7" />
          <Direction v="Output" />
          <group name="Initialization">
            <Init__direction v="Output" />
            <Init__value v="0" />
            <Auto_initialization v="yes" />
          </group>
          <Safe_mode v="yes" />
        </Properties>
        <Methods>
          <Init v="generate code" />
          <Deinit v="don&amp;apos;t generate code" />
          <GetDir v="don&amp;apos;t generate code" />
          <SetDir v="don&amp;apos;t generate code" />
          <SetInput v="don&amp;apos;t generate code" />
          <SetOutput v="don&amp;apos;t generate code" />
          <GetVal v="generate code" />
          <PutVal v="generate code" />
          <ClrVal v="generate code" />
          <SetVal v="generate code" />
          <NegVal v="don&amp;apos;t generate code" />
          <ConnectPin v="don&amp;apos;t generate code" />
          <GetRawVal v="don&amp;apos;t generate code" />
        </Methods>
        <Events>
          <EmptySection_DummyValue />
        </Events>
      </inhrbean>
      <Direction v="Output" />
      <group name="Initialization">
        <Init__direction v="Output" />
        <Init__value v="0" />
      </group>
      <Safe_mode v="yes" />
      <Optimization_for v="speed" />
    </Properties>
    <Methods>
      <GetDir v="don&amp;apos;t generate code" />
      <SetDir v="don&amp;apos;t generate code" />
      <SetInput v="don&amp;apos;t generate code" />
      <SetOutput v="don&amp;apos;t generate code" />
      <GetVal v="generate code" />
      <PutVal v="generate code" />
      <ClrVal v="generate code" />
      <SetVal v="generate code" />
      <NegVal v="don&amp;apos;t generate code" />
      <ConnectPin v="don&amp;apos;t generate code" />
      <GetRawVal v="don&amp;apos;t generate code" />
    </Methods>
    <Events>
      <EmptySection_DummyValue />
    </Events>
  </Bean>
  <Bean name="Sleep_z" type="BitIO">
    <Enabled v="Y" />
    <Properties>
      <Component_name v="Sleep_z" />
      <Pin_for_I_O v="PTA12/FTM1_CH0/I2S0_TXD0/FTM1_QD_PHA" />
      <inhrbean type="BitIO_LDD">
        <Enabled v="Y" />
        <Template v="BitIO_LDD" />
        <Properties>
          <Component_name v="BitIoLdd13" />
          <Pin_for_I_O v="PTA12/FTM1_CH0/I2S0_TXD0/FTM1_QD_PHA" />
          <Direction v="Output" />
          <group name="Initialization">
            <Init__direction v="Output" />
            <Init__value v="0" />
            <Auto_initialization v="yes" />
          </group>
          <Safe_mode v="yes" />
        </Properties>
        <Methods>
          <Init v="generate code" />
          <Deinit v="don&amp;apos;t generate code" />
          <GetDir v="don&amp;apos;t generate code" />
          <SetDir v="don&amp;apos;t generate code" />
          <SetInput v="don&amp;apos;t generate code" />
          <SetOutput v="don&amp;apos;t generate code" />
          <GetVal v="generate code" />
          <PutVal v="generate code" />
          <ClrVal v="generate code" />
          <SetVal v="generate code" />
          <NegVal v="don&amp;apos;t generate code" />
          <ConnectPin v="don&amp;apos;t generate code" />
          <GetRawVal v="don&amp;apos;t generate code" />
        </Methods>
        <Events>
          <EmptySection_DummyValue />
        </Events>
      </inhrbean>
      <Direction v="Output" />
      <group name="Initialization">
        <Init__direction v="Output" />
        <Init__value v="0" />
      </group>
      <Safe_mode v="yes" />
      <Optimization_for v="speed" />
    </Properties>
    <Methods>
      <GetDir v="don&amp;apos;t generate code" />
      <SetDir v="don&amp;apos;t generate code" />
      <SetInput v="don&amp;apos;t generate code" />
      <SetOutput v="don&amp;apos;t generate code" />
      <GetVal v="generate code" />
      <PutVal v="generate code" />
      <ClrVal v="generate code" />
      <SetVal v="generate code" />
      <NegVal v="don&amp;apos;t generate code" />
      <ConnectPin v="don&amp;apos;t generate code" />
      <GetRawVal v="don&amp;apos;t generate code" />
    </Methods>
    <Events>
      <EmptySection_DummyValue />
    </Events>
  </Bean>
  <Bean name="Reset_y" type="BitIO">
    <Enabled v="Y" />
    <Properties>
      <Component_name v="Reset_y" />
      <Pin_for_I_O v="PTC5/LLWU_P9/SPI0_SCK/LPTMR0_ALT2/I2S0_RXD0/FBa_AD10/CMP0_OUT/FTM0_CH2" />
      <inhrbean type="BitIO_LDD">
        <Enabled v="Y" />
        <Template v="BitIO_LDD" />
        <Properties>
          <Component_name v="BitIoLdd14" />
          <Pin_for_I_O v="PTC5/LLWU_P9/SPI0_SCK/LPTMR0_ALT2/I2S0_RXD0/FBa_AD10/CMP0_OUT/FTM0_CH2" />
          <Direction v="Output" />
          <group name="Initialization">
            <Init__direction v="Output" />
            <Init__value v="1" />
            <Auto_initialization v="yes" />
          </group>
          <Safe_mode v="yes" />
        </Properties>
        <Methods>
          <Init v="generate code" />
          <Deinit v="don&amp;apos;t generate code" />
          <GetDir v="don&amp;apos;t generate code" />
          <SetDir v="don&amp;apos;t generate code" />
          <SetInput v="don&amp;apos;t generate code" />
          <SetOutput v="don&amp;apos;t generate code" />
          <GetVal v="generate code" />
          <PutVal v="generate code" />
          <ClrVal v="generate code" />
          <SetVal v="generate code" />
          <NegVal v="don&amp;apos;t generate code" />
          <ConnectPin v="don&amp;apos;t generate code" />
          <GetRawVal v="don&amp;apos;t generate code" />
        </Methods>
        <Events>
          <EmptySection_DummyValue />
        </Events>
      </inhrbean>
      <Direction v="Output" />
      <group name="Initialization">
        <Init__direction v="Output" />
        <Init__value v="1" />
      </group>
      <Safe_mode v="yes" />
      <Optimization_for v="speed" />
    </Properties>
    <Methods>
      <GetDir v="don&amp;apos;t generate code" />
      <SetDir v="don&amp;apos;t generate code" />
      <SetInput v="don&amp;apos;t generate code" />
      <SetOutput v="don&amp;apos;t generate code" />
      <GetVal v="generate code" />
      <PutVal v="generate code" />
      <ClrVal v="generate code" />
      <SetVal v="generate code" />
      <NegVal v="don&amp;apos;t generate code" />
      <ConnectPin v="don&amp;apos;t generate code" />
      <GetRawVal v="don&amp;apos;t generate code" />
    </Methods>
    <Events>
      <EmptySection_DummyValue />
    </Events>
  </Bean>
  <Bean name="Sleep_y" type="BitIO">
    <Enabled v="Y" />
    <Properties>
      <Component_name v="Sleep_y" />
      <Pin_for_I_O v="ADC1_SE6b/PTC10/I2C1_SCL/FTM3_CH6/I2S0_RX_FS/FBa_AD5" />
      <inhrbean type="BitIO_LDD">
        <Enabled v="Y" />
        <Template v="BitIO_LDD" />
        <Properties>
          <Component_name v="BitIoLdd18" />
          <Pin_for_I_O v="ADC1_SE6b/PTC10/I2C1_SCL/FTM3_CH6/I2S0_RX_FS/FBa_AD5" />
          <Direction v="Output" />
          <group name="Initialization">
            <Init__direction v="Output" />
            <Init__value v="1" />
            <Auto_initialization v="yes" />
          </group>
          <Safe_mode v="yes" />
        </Properties>
        <Methods>
          <Init v="generate code" />
          <Deinit v="don&amp;apos;t generate code" />
          <GetDir v="don&amp;apos;t generate code" />
          <SetDir v="don&amp;apos;t generate code" />
          <SetInput v="don&amp;apos;t generate code" />
          <SetOutput v="don&amp;apos;t generate code" />
          <GetVal v="generate code" />
          <PutVal v="generate code" />
          <ClrVal v="generate code" />
          <SetVal v="generate code" />
          <NegVal v="don&amp;apos;t generate code" />
          <ConnectPin v="don&amp;apos;t generate code" />
          <GetRawVal v="don&amp;apos;t generate code" />
        </Methods>
        <Events>
          <EmptySection_DummyValue />
        </Events>
      </inhrbean>
      <Direction v="Output" />
      <group name="Initialization">
        <Init__direction v="Output" />
        <Init__value v="1" />
      </group>
      <Safe_mode v="yes" />
      <Optimization_for v="speed" />
    </Properties>
    <Methods>
      <GetDir v="don&amp;apos;t generate code" />
      <SetDir v="don&amp;apos;t generate code" />
      <SetInput v="don&amp;apos;t generate code" />
      <SetOutput v="don&amp;apos;t generate code" />
      <GetVal v="generate code" />
      <PutVal v="generate code" />
      <ClrVal v="generate code" />
      <SetVal v="generate code" />
      <NegVal v="don&amp;apos;t generate code" />
      <ConnectPin v="don&amp;apos;t generate code" />
      <GetRawVal v="don&amp;apos;t generate code" />
    </Methods>
    <Events>
      <EmptySection_DummyValue />
    </Events>
  </Bean>
</PE_PROJECT_SETTINGS_DOCUMENTATION>

